1067,132560,1.5392441860465116,1.0,1.0,1.0,1.0,1.0,1,2,1,1,1.2,1.2,1.0,1
1026,132561,1.5392441860465116,1.0,1.0,1.0,1.0,1.0,1,2,1.6666666666666667,1.6666666666666667,1.6666666666666667,1.6666666666666667,1.0,1
1060,132564,1.5392441860465116,1,1.5,1.5,1.5,1.5,2,2,1,1.75,1.75,1.75,1.5,2
1080,132564,1.5392441860465116,2,1.5,1.5,1.5,1.5,1,2,2,1,1,1.3333333333333333,1.5,1
1007,132572,1.5392441860465116,1,1,1,2,2,1,1,1,1,1,1.0,1.4285714285714286,1
1033,132572,1.5392441860465116,1,2,2,1,2,2,2,2,2,2,1.7272727272727273,1.4285714285714286,1
1055,132572,1.5392441860465116,1,2,1,1,1,2,2,2,2,2,1.9,1.4285714285714286,2
1083,132572,1.5392441860465116,1,1,1,2,1,2,2,1,2,2,1.625,1.4285714285714286,2
1091,132572,1.5392441860465116,1,2,1,2,1,2,2,1,1,1,1.4285714285714286,1.4285714285714286,2
1092,132572,1.5392441860465116,1,2,1,2,2,2,1,1,1.25,1.25,1.25,1.4285714285714286,1
1108,132572,1.5392441860465116,2,1,1,2,2,2,2,1,1,1,1.4,1.4285714285714286,1
1035,132583,1.5392441860465116,2,1,1.3333333333333333,1.3333333333333333,1.3333333333333333,2,2,2,2,1,1.6666666666666667,1.3333333333333333,1
1044,132583,1.5392441860465116,2,1,1.3333333333333333,1.3333333333333333,1.3333333333333333,2,2,2,1.75,1.75,1.75,1.3333333333333333,1
1119,132583,1.5392441860465116,1,1,1.3333333333333333,1.3333333333333333,1.3333333333333333,2,2,2,2.0,2.0,2.0,1.3333333333333333,2
1063,132584,1.5392441860465116,2,1,2,1,1.6,2,1,1,1,1.4,1.4,1.6,2
1067,132584,1.5392441860465116,2,1,2,1,1.6,1,1,1,1,1.2,1.2,1.6,2
1103,132584,1.5392441860465116,1,2,2,2,1.6,1,2,1,1,2,1.2857142857142858,1.6,1
1107,132584,1.5392441860465116,2,2,1,1,1.6,2,2,2.0,2.0,2.0,2.0,1.6,2
1123,132584,1.5392441860465116,1,2,2,2,1.6,1,1,2,1,1,1.125,1.6,1
1123,132594,1.5392441860465116,1.0,1.0,1.0,1.0,1.0,2,1,1,1,1,1.125,1.0,1
1070,132608,1.5392441860465116,2,1,1.6666666666666667,1.6666666666666667,1.6666666666666667,1,1,1.3333333333333333,1.3333333333333333,1.3333333333333333,1.3333333333333333,1.6666666666666667,2
1080,132608,1.5392441860465116,2,1,1.6666666666666667,1.6666666666666667,1.6666666666666667,2,1,1,1,1,1.3333333333333333,1.6666666666666667,2
1123,132608,1.5392441860465116,2,2,1.6666666666666667,1.6666666666666667,1.6666666666666667,1,1,2,1,1,1.125,1.6666666666666667,1
1063,132609,1.5392441860465116,1,1.0,1.0,1.0,1.0,2,1,2,1,1.4,1.4,1.0,1
1070,132609,1.5392441860465116,1,1.0,1.0,1.0,1.0,2,1,1.3333333333333333,1.3333333333333333,1.3333333333333333,1.3333333333333333,1.0,1
1070,132613,1.5392441860465116,1,2,1.3333333333333333,1.3333333333333333,1.3333333333333333,2,1,1.3333333333333333,1.3333333333333333,1.3333333333333333,1.3333333333333333,1.3333333333333333,1
1103,132613,1.5392441860465116,1,1,1.3333333333333333,1.3333333333333333,1.3333333333333333,1,1,1,2,1,1.2857142857142858,1.3333333333333333,2
1123,132613,1.5392441860465116,2,1,1.3333333333333333,1.3333333333333333,1.3333333333333333,1,2,1,1,1,1.125,1.3333333333333333,1
1026,132626,1.5392441860465116,2.0,2.0,2.0,2.0,2.0,1,2,1.6666666666666667,1.6666666666666667,1.6666666666666667,1.6666666666666667,2.0,2
1067,132630,1.5392441860465116,1,1,1,1.0,1.0,1,1,2,1,1.2,1.2,1.0,1
1068,132630,1.5392441860465116,1,1,1,1.0,1.0,1,1,1.0,1.0,1.0,1.0,1.0,1
1082,132630,1.5392441860465116,1,1,1,1.0,1.0,1.0,1.0,1.0,1.0,1.0,1.0,1.0,1
1103,132630,1.5392441860465116,1,1,1,1.0,1.0,1,2,1,1,2,1.2857142857142858,1.0,1
1063,132660,1.5392441860465116,2,2,2.0,2.0,2.0,2,1,1,1,1.4,1.4,2.0,2
1080,132660,1.5392441860465116,2,2,2.0,2.0,2.0,1,2,1,1,1,1.3333333333333333,2.0,2
1107,132660,1.5392441860465116,2,2,2.0,2.0,2.0,2,2,2.0,2.0,2.0,2.0,2.0,2
1068,132663,1.5392441860465116,1,1.0,1.0,1.0,1.0,1,1,1.0,1.0,1.0,1.0,1.0,1
1103,132663,1.5392441860465116,1,1.0,1.0,1.0,1.0,1,2,1,1,2,1.2857142857142858,1.0,1
1026,132665,1.5392441860465116,2.0,2.0,2.0,2.0,2.0,1,2,1.6666666666666667,1.6666666666666667,1.6666666666666667,1.6666666666666667,2.0,2
1063,132667,1.5392441860465116,1,1,1.0,1.0,1.0,1,2,1,2,1.4,1.4,1.0,1
1103,132667,1.5392441860465116,1,1,1.0,1.0,1.0,1,2,1,1,2,1.2857142857142858,1.0,1
1123,132667,1.5392441860465116,1,1,1.0,1.0,1.0,2,1,1,1,1,1.125,1.0,1
1021,132668,1.5392441860465116,1,1.5,1.5,1.5,1.5,2,2,2.0,2.0,2.0,2.0,1.5,2
1080,132668,1.5392441860465116,2,1.5,1.5,1.5,1.5,1,2,2,1,1,1.3333333333333333,1.5,1
1021,132715,1.5392441860465116,1,1.5,1.5,1.5,1.5,2,2,2.0,2.0,2.0,2.0,1.5,2
1080,132715,1.5392441860465116,2,1.5,1.5,1.5,1.5,1,2,2,1,1,1.3333333333333333,1.5,1
1060,132717,1.5392441860465116,2.0,2.0,2.0,2.0,2.0,2,2,1,1.75,1.75,1.75,2.0,2
1003,132723,1.5392441860465116,2,2,1,1,2,2,2,2,2,2,1.8888888888888888,1.5,2
1034,132723,1.5392441860465116,2,2,1,2,1,1,1,1.0,1.0,1.0,1.0,1.5,1
1048,132723,1.5392441860465116,1,2,2,1,1,2,2,1,2,2,1.8333333333333333,1.5,2
1083,132723,1.5392441860465116,2,2,2,1,2,2,2,1,2,2,1.625,1.5,1
1084,132723,1.5392441860465116,2,1,2,2,2,2,2,2,2,1,1.8,1.5,1
1092,132723,1.5392441860465116,2,1,1,2,2,1,2,1,1.25,1.25,1.25,1.5,1
1095,132723,1.5392441860465116,1,1,2,1,2,2,1,2,2,1,1.5,1.5,2
1108,132723,1.5392441860465116,1,1,2,2,1,1,2,2,1,1,1.4,1.5,2
1067,132732,1.5392441860465116,1.0,1.0,1.0,1.0,1.0,1,2,1,1,1.2,1.2,1.0,1
1023,132733,1.5392441860465116,2,2,2,1,1,2.0,2.0,2.0,2.0,2.0,2.0,1.5714285714285714,2
1060,132733,1.5392441860465116,2,2,1,2,1,2,2,1,1.75,1.75,1.75,1.5714285714285714,2
1067,132733,1.5392441860465116,2,2,2,1,2,2,1,1,1,1.2,1.2,1.5714285714285714,1
1080,132733,1.5392441860465116,2,2,2,1,2,1,2,2,1,1,1.3333333333333333,1.5714285714285714,1
1103,132733,1.5392441860465116,1,2,1,2,2,1,2,1,1,1,1.2857142857142858,1.5714285714285714,2
1107,132733,1.5392441860465116,1,2,1,2,1,2,2,2.0,2.0,2.0,2.0,1.5714285714285714,2
1123,132733,1.5392441860465116,2,2,1,2,1,1,1,1,2,1,1.125,1.5714285714285714,1
1021,132740,1.5392441860465116,1,1,1.3333333333333333,1.3333333333333333,1.3333333333333333,2,2,2.0,2.0,2.0,2.0,1.3333333333333333,2
1060,132740,1.5392441860465116,1,2,1.3333333333333333,1.3333333333333333,1.3333333333333333,2,2,2,1.75,1.75,1.75,1.3333333333333333,1
1123,132740,1.5392441860465116,1,2,1.3333333333333333,1.3333333333333333,1.3333333333333333,1,2,1,1,1,1.125,1.3333333333333333,1
1009,132754,1.5392441860465116,2,2,2,2,1,1,2,2,1,1,1.5,1.625,1
1036,132754,1.5392441860465116,1,2,2,2,1,2,2,1,2,2,1.9090909090909092,1.625,2
1053,132754,1.5392441860465116,2,2,1,2,2,2,2,2,1,2,1.7692307692307692,1.625,1
1055,132754,1.5392441860465116,2,2,1,1,2,2,2,2,2,2,1.9,1.625,2
1089,132754,1.5392441860465116,2,2,2,2,1,1,1,1,1,1,1.0,1.625,1
1106,132754,1.5392441860465116,2,2,1,1,2,2,2,2,2,2,1.9230769230769231,1.625,2
1122,132754,1.5392441860465116,2,1,1,2,2,1,2,2,2,2,1.9166666666666667,1.625,2
1134,132754,1.5392441860465116,2,2,2,2,1,2,1,2,2,2,1.6428571428571428,1.625,2
1003,132755,1.5392441860465116,2,2,2.0,2.0,2.0,2,2,2,2,2,1.8888888888888888,2.0,2
1048,132755,1.5392441860465116,2,2,2.0,2.0,2.0,2,2,1,2,2,1.8333333333333333,2.0,2
1083,132755,1.5392441860465116,2,2,2.0,2.0,2.0,2,1,1,2,2,1.625,2.0,2
1079,132766,1.5392441860465116,1,1.0,1.0,1.0,1.0,2,2,1,1.5,1.5,1.5,1.0,1
1133,132766,1.5392441860465116,1,1.0,1.0,1.0,1.0,1,2,2,2,1,1.375,1.0,1
1066,132767,1.5392441860465116,2,2,2,1.75,1.75,1,2,1,1,1.2,1.2,1.75,1
1093,132767,1.5392441860465116,1,2,2,1.75,1.75,2,2,2,1,2,1.875,1.75,2
1110,132767,1.5392441860465116,2,2,1,1.75,1.75,2,2,1,1.75,1.75,1.75,1.75,2
1121,132767,1.5392441860465116,1,2,2,1.75,1.75,2,2,2.0,2.0,2.0,2.0,1.75,2
1017,132768,1.5392441860465116,2,2,2,2,1,2,1.5,1.5,1.5,1.5,1.5,1.75,1
1020,132768,1.5392441860465116,1,2,2,2,2,1,2,1,1.5,1.5,1.5,1.75,2
1042,132768,1.5392441860465116,2,2,2,1,2,2,2,1,1,1.6,1.6,1.75,2
1044,132768,1.5392441860465116,2,2,2,1,2,2,2,1,1.75,1.75,1.75,1.75,2
1051,132768,1.5392441860465116,2,2,2,2,2,1,1,1,1.0,1.0,1.0,1.75,1
1079,132768,1.5392441860465116,2,2,2,2,2,2,1,1,1.5,1.5,1.5,1.75,2
1100,132768,1.5392441860465116,2,1,2,2,2,2,2,2,2,2,2.0,1.75,2
1119,132768,1.5392441860465116,2,2,2,2,2,2,2,2,2.0,2.0,2.0,1.75,2
1035,132773,1.5392441860465116,2,1,1,1.5,1.5,2,1,1,2,2,1.6666666666666667,1.5,2
1040,132773,1.5392441860465116,2,2,1,1.5,1.5,2,1,1,1.25,1.25,1.25,1.5,1
1072,132773,1.5392441860465116,1,2,1,1.5,1.5,1,1.5,1.5,1.5,1.5,1.5,1.5,2
1117,132773,1.5392441860465116,2,2,1,1.5,1.5,2,1,1,1,1.2,1.2,1.5,1
1001,132825,1.5392441860465116,2,2,2,2,1,2,1,1,1,1,1.25,1.6,2
1003,132825,1.5392441860465116,1,1,1,2,2,2,2,2,2,1,1.8888888888888888,1.6,2
1009,132825,1.5392441860465116,2,2,1,2,2,2,2,2,1,2,1.5,1.6,1
1024,132825,1.5392441860465116,2,2,2,1,2,1,1,1,1,1,1.2,1.6,1
1029,132825,1.5392441860465116,1,2,1,2,2,1,1,2,1,1,1.125,1.6,1
1036,132825,1.5392441860465116,2,1,1,1,2,2,2,2,2,2,1.9090909090909092,1.6,2
1045,132825,1.5392441860465116,2,2,2,2,1,2,1,2,1,2,1.5,1.6,2
1053,132825,1.5392441860465116,2,2,1,2,2,2,2,2,2,1,1.7692307692307692,1.6,1
1055,132825,1.5392441860465116,2,2,2,2,1,2,2,2,1,2,1.9,1.6,2
1056,132825,1.5392441860465116,2,2,1,2,2,2,2,2,2,2,2.0,1.6,2
1071,132825,1.5392441860465116,2,1,1,1,2,2,2,2,2,1,1.8461538461538463,1.6,2
1077,132825,1.5392441860465116,2,2,2,2,1,2,2,1,1.75,1.75,1.75,1.6,2
1081,132825,1.5392441860465116,2,2,1,2,2,1,1,1,1,1,1.0,1.6,1
1085,132825,1.5392441860465116,2,1,1,1,2,2,2,2,2,2,2.0,1.6,2
1098,132825,1.5392441860465116,2,2,2,1,2,1,1,2,2,2,1.3333333333333333,1.6,1
1104,132825,1.5392441860465116,2,2,2,1,2,2,2,1,1,1,1.3636363636363635,1.6,1
1109,132825,1.5392441860465116,2,2,2,1,1,2,2,2,2,2,1.8,1.6,2
1116,132825,1.5392441860465116,1,2,2,2,1,2,2,2,2,2,1.875,1.6,2
1132,132825,1.5392441860465116,2,2,1,2,2,2,1,2,2,1,1.6,1.6,2
1134,132825,1.5392441860465116,2,1,2,2,2,2,1,2,2,1,1.6428571428571428,1.6,1
1001,132830,1.5392441860465116,1,2,2,2,1,1,1,1,1,2,1.25,1.5,1
1005,132830,1.5392441860465116,1,2,2,2,1,1,1,2,2,2,1.5,1.5,1
1014,132830,1.5392441860465116,1,1,2,2,1,2,2,1,1,2,1.5,1.5,2
1037,132830,1.5392441860465116,2,2,1,1,1,1,2,2,2,1,1.5,1.5,2
1075,132830,1.5392441860465116,1,2,2,1,2,2,2,2,2,1,1.4166666666666667,1.5,1
1115,132830,1.5392441860465116,2,2,1,1,1,1,2,1,2,1,1.5714285714285714,1.5,2
1009,132834,1.5392441860465116,2,1,1,2,2,1,2,1,1,2,1.5,1.4285714285714286,2
1016,132834,1.5392441860465116,1,2,1,1,2,2,2,2,2,2,1.9230769230769231,1.4285714285714286,2
1024,132834,1.5392441860465116,1,2,1,2,1,1,1,1,1,2,1.2,1.4285714285714286,1
1032,132834,1.5392441860465116,2,2,1,2,1,1,2,1,1,1,1.25,1.4285714285714286,1
1036,132834,1.5392441860465116,2,2,2,1,1,2,2,2,2,2,1.9090909090909092,1.4285714285714286,1
1045,132834,1.5392441860465116,2,2,1,1,2,2,2,1,1,2,1.5,1.4285714285714286,1
1071,132834,1.5392441860465116,1,1,2,2,2,2,2,1,2,2,1.8461538461538463,1.4285714285714286,1
1075,132834,1.5392441860465116,2,1,2,2,1,2,2,1,1,1,1.4166666666666667,1.4285714285714286,1
1089,132834,1.5392441860465116,2,2,1,1,2,1,1,1,1,1,1.0,1.4285714285714286,1
1099,132834,1.5392441860465116,2,1,1,1,2,1,1,2,1,1,1.3333333333333333,1.4285714285714286,2
1104,132834,1.5392441860465116,2,1,1,1,2,2,2,1,1,1,1.3636363636363635,1.4285714285714286,1
1106,132834,1.5392441860465116,2,1,1,2,1,2,2,2,2,2,1.9230769230769231,1.4285714285714286,2
1116,132834,1.5392441860465116,1,1,2,1,1,2,1,2,2,2,1.875,1.4285714285714286,2
1122,132834,1.5392441860465116,1,2,1,2,2,2,2,2,2,2,1.9166666666666667,1.4285714285714286,2
1015,132845,1.5392441860465116,2,1,1.3333333333333333,1.3333333333333333,1.3333333333333333,1,1,2,1,1.2,1.2,1.3333333333333333,1
1111,132845,1.5392441860465116,1,1,1.3333333333333333,1.3333333333333333,1.3333333333333333,1,2,1,2,2,1.625,1.3333333333333333,2
1120,132845,1.5392441860465116,2,1,1.3333333333333333,1.3333333333333333,1.3333333333333333,2,2,2,1,1,1.4285714285714286,1.3333333333333333,1
1008,132846,1.5392441860465116,2,2,1.6666666666666667,1.6666666666666667,1.6666666666666667,1,2,1,1,1,1.1111111111111112,1.6666666666666667,1
1102,132846,1.5392441860465116,2,1,1.6666666666666667,1.6666666666666667,1.6666666666666667,2.0,2.0,2.0,2.0,2.0,2.0,1.6666666666666667,2
1120,132846,1.5392441860465116,2,1,1.6666666666666667,1.6666666666666667,1.6666666666666667,2,1,2,1,1,1.4285714285714286,1.6666666666666667,2
1037,132847,1.5392441860465116,2,1.5,1.5,1.5,1.5,2,2,2,2,1,1.5,1.5,1
1120,132847,1.5392441860465116,1,1.5,1.5,1.5,1.5,2,1,2,1,1,1.4285714285714286,1.5,2
1008,132851,1.5392441860465116,2,2,1,1,1,2,1,1,1,1,1.1111111111111112,1.3333333333333333,1
1015,132851,1.5392441860465116,1,2,1,2,1,2,1,1,1,1.2,1.2,1.3333333333333333,1
1037,132851,1.5392441860465116,1,2,1,1,1,1,1,2,1,2,1.5,1.3333333333333333,2
1052,132851,1.5392441860465116,1,1,1,2,2,2,2,1,1.5,1.5,1.5,1.3333333333333333,1
1069,132851,1.5392441860465116,2,2,1,1,1,1.0,1.0,1.0,1.0,1.0,1.0,1.3333333333333333,1
1111,132851,1.5392441860465116,2,1,1,1,1,2,1,1,2,2,1.625,1.3333333333333333,2
1008,132854,1.5392441860465116,1,2,1,1.5,1.5,1,1,1,1,1,1.1111111111111112,1.5,2
1037,132854,1.5392441860465116,2,2,1,1.5,1.5,2,2,1,2,1,1.5,1.5,1
1038,132854,1.5392441860465116,2,2,1,1.5,1.5,2,1,1.3333333333333333,1.3333333333333333,1.3333333333333333,1.3333333333333333,1.5,1
1111,132854,1.5392441860465116,1,2,1,1.5,1.5,1,2,2,2,2,1.625,1.5,2
1016,132856,1.5392441860465116,2,1,1,2,1,2,2,2,2,2,1.9230769230769231,1.3333333333333333,2
1032,132856,1.5392441860465116,1,1,1,1,2,1,1,1,1,1,1.25,1.3333333333333333,1
1045,132856,1.5392441860465116,2,2,1,1,2,2,2,1,1,2,1.5,1.3333333333333333,1
1054,132856,1.5392441860465116,1,2,1,2,1,2,1,2,2,2,1.9090909090909092,1.3333333333333333,2
1071,132856,1.5392441860465116,1,2,2,1,1,1,2,2,1,2,1.8461538461538463,1.3333333333333333,2
1098,132856,1.5392441860465116,1,1,2,1,2,2,2,1,1,1,1.3333333333333333,1.3333333333333333,1
1099,132856,1.5392441860465116,2,1,1,2,2,2,2,1,1,1,1.3333333333333333,1.3333333333333333,1
1101,132856,1.5392441860465116,2,2,2,1,1,2,2,2,1,2,1.625,1.3333333333333333,1
1109,132856,1.5392441860465116,2,1,1,1,1,2,2,2,2,2,1.8,1.3333333333333333,1
1008,132858,1.5392441860465116,1,1.0,1.0,1.0,1.0,2,1,1,1,1,1.1111111111111112,1.0,1
1111,132858,1.5392441860465116,1,1.0,1.0,1.0,1.0,2,2,2,1,2,1.625,1.0,1
1038,132861,1.5392441860465116,2,2,1,1,1.4,2,1,1.3333333333333333,1.3333333333333333,1.3333333333333333,1.3333333333333333,1.4,1
1084,132861,1.5392441860465116,1,1,2,1,1.4,2,2,2,2,1,1.8,1.4,2
1091,132861,1.5392441860465116,1,2,2,1,1.4,1,1,2,2,2,1.4285714285714286,1.4,1
1095,132861,1.5392441860465116,2,1,2,1,1.4,2,2,1,2,1,1.5,1.4,1
1098,132861,1.5392441860465116,1,2,1,1,1.4,1,1,2,1,2,1.3333333333333333,1.4,2
1003,132862,1.5392441860465116,1,1,2,2,2,2,2,2,2,2,1.8888888888888888,1.6666666666666667,1
1009,132862,1.5392441860465116,1,2,2,1,2,2,1,1,2,2,1.5,1.6666666666666667,2
1016,132862,1.5392441860465116,2,2,1,2,2,2,2,2,1,2,1.9230769230769231,1.6666666666666667,2
1029,132862,1.5392441860465116,2,1,2,1,2,1,2,1,1,1,1.125,1.6666666666666667,1
1038,132862,1.5392441860465116,2,1,2,1,2,1,1,1.3333333333333333,1.3333333333333333,1.3333333333333333,1.3333333333333333,1.6666666666666667,2
1071,132862,1.5392441860465116,2,2,2,1,2,1,2,2,2,1,1.8461538461538463,1.6666666666666667,2
1084,132862,1.5392441860465116,2,2,2,1,1,2,2,2,2,2,1.8,1.6666666666666667,2
1098,132862,1.5392441860465116,2,2,2,2,2,2,1,2,1,2,1.3333333333333333,1.6666666666666667,1
1106,132862,1.5392441860465116,2,2,2,2,2,2,2,2,2,2,1.9230769230769231,1.6666666666666667,2
1008,132866,1.5392441860465116,2,1.5,1.5,1.5,1.5,1,1,1,2,1,1.1111111111111112,1.5,1
1052,132866,1.5392441860465116,1,1.5,1.5,1.5,1.5,1,2,1,1.5,1.5,1.5,1.5,2
1008,132869,1.5392441860465116,1,2,2,1.5,1.5,1,1,1,2,1,1.1111111111111112,1.5,1
1015,132869,1.5392441860465116,2,1,1,1.5,1.5,1,1,1,1,1.2,1.2,1.5,2
1037,132869,1.5392441860465116,1,2,2,1.5,1.5,2,2,1,2,2,1.5,1.5,1
1052,132869,1.5392441860465116,2,1,1,1.5,1.5,2,1,1,1.5,1.5,1.5,1.5,2
1052,132870,1.5392441860465116,1.0,1.0,1.0,1.0,1.0,2,2,1,1.5,1.5,1.5,1.0,1
1027,132872,1.5392441860465116,1,1,2,1,1,1,1,1,1,1,1.0,1.1428571428571428,1
1032,132872,1.5392441860465116,2,1,1,1,1,2,1,2,1,1,1.25,1.1428571428571428,1
1089,132872,1.5392441860465116,2,1,1,1,1,1,1,1,1,1,1.0,1.1428571428571428,1
1095,132872,1.5392441860465116,1,1,2,1,1,1,1,2,2,2,1.5,1.1428571428571428,1
1099,132872,1.5392441860465116,1,2,1,1,1,2,1,1,1,2,1.3333333333333333,1.1428571428571428,1
1109,132872,1.5392441860465116,1,2,1,1,1,2,2,2,1,2,1.8,1.1428571428571428,1
1122,132872,1.5392441860465116,1,1,1,1,1,2,2,2,2,2,1.9166666666666667,1.1428571428571428,2
1013,132875,1.5392441860465116,1,1,1,1.25,1.25,2,2,1,1,1,1.5,1.25,2
1027,132875,1.5392441860465116,1,2,1,1.25,1.25,1,1,1,1,1,1.0,1.25,1
1089,132875,1.5392441860465116,2,1,1,1.25,1.25,1,1,1,1,1,1.0,1.25,1
1091,132875,1.5392441860465116,2,1,1,1.25,1.25,2,2,1,2,1,1.4285714285714286,1.25,1
1015,132877,1.5392441860465116,1,1.0,1.0,1.0,1.0,1,1,2,1,1.2,1.2,1.0,1
1111,132877,1.5392441860465116,1,1.0,1.0,1.0,1.0,2,2,1,2,2,1.625,1.0,1
1091,132884,1.5392441860465116,2.0,2.0,2.0,2.0,2.0,1,2,2,1,1,1.4285714285714286,2.0,2
1078,132885,1.5392441860465116,1,1.0,1.0,1.0,1.0,2,2,2,2,1,1.6666666666666667,1.0,1
1098,132885,1.5392441860465116,1,1.0,1.0,1.0,1.0,2,2,2,2,1,1.3333333333333333,1.0,1
1013,132921,1.5392441860465116,1,1,1,2,1,2,2,1,1,1,1.5,1.375,2
1027,132921,1.5392441860465116,1,2,2,2,1,1,1,1,1,1,1.0,1.375,1
1029,132921,1.5392441860465116,2,1,1,2,1,1,1,1,2,1,1.125,1.375,1
1033,132921,1.5392441860465116,1,1,2,1,1,2,2,2,2,2,1.7272727272727273,1.375,2
1086,132921,1.5392441860465116,2,2,2,1,1,1,1.0,1.0,1.0,1.0,1.0,1.375,1
1089,132921,1.5392441860465116,2,1,2,1,2,1,1,1,1,1,1.0,1.375,1
1098,132921,1.5392441860465116,2,1,2,1,2,1,1,2,1,2,1.3333333333333333,1.375,1
1138,132921,1.5392441860465116,1,1,2,1,2,1,2,1.6666666666666667,1.6666666666666667,1.6666666666666667,1.6666666666666667,1.375,2
1003,132922,1.5392441860465116,1,2,1.6666666666666667,1.6666666666666667,1.6666666666666667,2,2,2,2,2,1.8888888888888888,1.6666666666666667,2
1029,132922,1.5392441860465116,2,2,1.6666666666666667,1.6666666666666667,1.6666666666666667,1,1,1,1,2,1.125,1.6666666666666667,1
1138,132922,1.5392441860465116,1,2,1.6666666666666667,1.6666666666666667,1.6666666666666667,1,2,1.6666666666666667,1.6666666666666667,1.6666666666666667,1.6666666666666667,1.6666666666666667,2
1027,132925,1.5392441860465116,1,1.0,1.0,1.0,1.0,1,1,1,1,1,1.0,1.0,1
1138,132925,1.5392441860465116,1,1.0,1.0,1.0,1.0,2,2,1.6666666666666667,1.6666666666666667,1.6666666666666667,1.6666666666666667,1.0,1
1003,132937,1.5392441860465116,1,1,1.3333333333333333,1.3333333333333333,1.3333333333333333,2,2,2,2,2,1.8888888888888888,1.3333333333333333,2
1027,132937,1.5392441860465116,1,2,1.3333333333333333,1.3333333333333333,1.3333333333333333,1,1,1,1,1,1.0,1.3333333333333333,1
1029,132937,1.5392441860465116,2,1,1.3333333333333333,1.3333333333333333,1.3333333333333333,1,1,1,1,2,1.125,1.3333333333333333,1
1027,132951,1.5392441860465116,1,2,1.3333333333333333,1.3333333333333333,1.3333333333333333,1,1,1,1,1,1.0,1.3333333333333333,1
1033,132951,1.5392441860465116,1,1,1.3333333333333333,1.3333333333333333,1.3333333333333333,2,2,2,2,2,1.7272727272727273,1.3333333333333333,2
1089,132951,1.5392441860465116,1,2,1.3333333333333333,1.3333333333333333,1.3333333333333333,1,1,1,1,1,1.0,1.3333333333333333,1
1017,134975,1.5392441860465116,2,1,1.6666666666666667,1.6666666666666667,1.6666666666666667,1,1.5,1.5,1.5,1.5,1.5,1.6666666666666667,2
1127,134975,1.5392441860465116,2,1,1.6666666666666667,1.6666666666666667,1.6666666666666667,2,2,2,2.0,2.0,2.0,1.6666666666666667,2
1133,134975,1.5392441860465116,2,2,1.6666666666666667,1.6666666666666667,1.6666666666666667,2,1,1,2,1,1.375,1.6666666666666667,1
1074,134976,1.5392441860465116,2,2,1,1.75,1.75,2,2,2.0,2.0,2.0,2.0,1.75,2
1079,134976,1.5392441860465116,2,2,2,1.75,1.75,2,1,2,1.5,1.5,1.5,1.75,1
1093,134976,1.5392441860465116,2,2,1,1.75,1.75,1,2,2,2,2,1.875,1.75,2
1100,134976,1.5392441860465116,2,1,2,1.75,1.75,2,2,2,2,2,2.0,1.75,2
1012,134983,1.5392441860465116,1,1.5,1.5,1.5,1.5,2,2,1,2,1.8,1.8,1.5,2
1133,134983,1.5392441860465116,2,1.5,1.5,1.5,1.5,2,2,1,1,2,1.375,1.5,1
1012,134986,1.5392441860465116,2,2,2,2,2,2,2,1,2,1.8,1.8,2.0,2
1030,134986,1.5392441860465116,2,2,2,2,2,2,1,1.6666666666666667,1.6666666666666667,1.6666666666666667,1.6666666666666667,2.0,2
1035,134986,1.5392441860465116,2,2,2,2,2,1,1,2,2,2,1.6666666666666667,2.0,2
1042,134986,1.5392441860465116,2,2,2,2,2,2,1,2,1,1.6,1.6,2.0,2
1044,134986,1.5392441860465116,2,2,2,2,2,1,2,2,1.75,1.75,1.75,2.0,2
1079,134986,1.5392441860465116,2,2,2,2,2,2,1,1,1.5,1.5,1.5,2.0,2
1119,134986,1.5392441860465116,2,2,2,2,2,2,2,2,2.0,2.0,2.0,2.0,2
1133,134986,1.5392441860465116,2,2,2,2,2,1,1,1,2,2,1.375,2.0,2
1074,134987,1.5392441860465116,2,2.0,2.0,2.0,2.0,2,2,2.0,2.0,2.0,2.0,2.0,2
1127,134987,1.5392441860465116,2,2.0,2.0,2.0,2.0,2,2,2,2.0,2.0,2.0,2.0,2
1042,134992,1.5392441860465116,1,1.0,1.0,1.0,1.0,1,2,2,2,1.6,1.6,1.0,1
1133,134992,1.5392441860465116,1,1.0,1.0,1.0,1.0,2,1,2,2,1,1.375,1.0,1
1012,134996,1.5392441860465116,2,2,2,2,1,1,2,2,2,1.8,1.8,1.75,2
1020,134996,1.5392441860465116,1,2,2,2,2,2,2,1,1.5,1.5,1.5,1.75,1
1035,134996,1.5392441860465116,2,2,2,1,2,2,2,1,2,1,1.6666666666666667,1.75,2
1042,134996,1.5392441860465116,2,1,2,1,2,1,2,2,1,1.6,1.6,1.75,2
1051,134996,1.5392441860465116,1,2,2,2,2,1,1,1,1.0,1.0,1.0,1.75,1
1093,134996,1.5392441860465116,2,2,2,2,1,2,2,2,2,2,1.875,1.75,2
1100,134996,1.5392441860465116,2,2,1,2,1,2,2,2,2,2,2.0,1.75,2
1127,134996,1.5392441860465116,2,2,1,2,2,2,2,2,2.0,2.0,2.0,1.75,2
1040,134999,1.5392441860465116,1,2,2,2,1.6,2,1,1,1.25,1.25,1.25,1.6,1
1066,134999,1.5392441860465116,2,2,1,2,1.6,1,1,2,1,1.2,1.2,1.6,1
1093,134999,1.5392441860465116,1,2,2,1,1.6,2,2,2,1,2,1.875,1.6,2
1110,134999,1.5392441860465116,2,1,2,1,1.6,2,2,1,1.75,1.75,1.75,1.6,2
1121,134999,1.5392441860465116,1,2,2,1,1.6,2,2,2.0,2.0,2.0,2.0,1.6,2
1035,135000,1.5392441860465116,1,2,1.6666666666666667,1.6666666666666667,1.6666666666666667,2,2,1,1,2,1.6666666666666667,1.6666666666666667,2
1100,135000,1.5392441860465116,2,1,1.6666666666666667,1.6666666666666667,1.6666666666666667,2,2,2,2,2,2.0,1.6666666666666667,2
1117,135000,1.5392441860465116,2,2,1.6666666666666667,1.6666666666666667,1.6666666666666667,1,1,2,1,1.2,1.2,1.6666666666666667,1
1012,135001,1.5392441860465116,2,2,2,2,1.8,2,2,2,2,1.8,1.8,1.8,1
1093,135001,1.5392441860465116,2,1,2,2,1.8,2,2,2,2,2,1.875,1.8,2
1100,135001,1.5392441860465116,2,2,2,1,1.8,2,2,2,2,2,2.0,1.8,2
1119,135001,1.5392441860465116,2,2,1,2,1.8,2,2,2,2.0,2.0,2.0,1.8,2
1133,135001,1.5392441860465116,2,1,2,2,1.8,2,1,2,1,1,1.375,1.8,2
1066,135011,1.5392441860465116,1,2,1.3333333333333333,1.3333333333333333,1.3333333333333333,2,1,1,1,1.2,1.2,1.3333333333333333,1
1074,135011,1.5392441860465116,1,1,1.3333333333333333,1.3333333333333333,1.3333333333333333,2,2,2.0,2.0,2.0,2.0,1.3333333333333333,2
1093,135011,1.5392441860465116,1,2,1.3333333333333333,1.3333333333333333,1.3333333333333333,2,2,2,2,2,1.875,1.3333333333333333,1
1040,135013,1.5392441860465116,1,2,2,1.75,1.75,1,1,1,1.25,1.25,1.25,1.75,2
1066,135013,1.5392441860465116,2,2,2,1.75,1.75,1,1,2,1,1.2,1.2,1.75,1
1093,135013,1.5392441860465116,1,2,2,1.75,1.75,2,2,2,1,2,1.875,1.75,2
1110,135013,1.5392441860465116,2,2,1,1.75,1.75,2,2,1,1.75,1.75,1.75,1.75,2
1072,135016,1.5392441860465116,2,1.5,1.5,1.5,1.5,2,1.5,1.5,1.5,1.5,1.5,1.5,1
1117,135016,1.5392441860465116,1,1.5,1.5,1.5,1.5,1,1,1,1,1.2,1.2,1.5,2
1012,135018,1.5392441860465116,2,1,1,1.5,1.5,2,2,2,1,1.8,1.8,1.5,2
1030,135018,1.5392441860465116,2,1,1,1.5,1.5,2,1,1.6666666666666667,1.6666666666666667,1.6666666666666667,1.6666666666666667,1.5,2
1035,135018,1.5392441860465116,2,2,1,1.5,1.5,2,2,2,2,1,1.6666666666666667,1.5,1
1117,135018,1.5392441860465116,1,2,2,1.5,1.5,1,1,1,2,1.2,1.2,1.5,1
1040,135019,1.5392441860465116,2,2,2,1,1.6,1,2,1,1.25,1.25,1.25,1.6,1
1066,135019,1.5392441860465116,2,2,1,1,1.6,1,1,1,1,1.2,1.2,1.6,2
1093,135019,1.5392441860465116,2,2,1,1,1.6,2,2,2,1,2,1.875,1.6,2
1121,135019,1.5392441860465116,2,2,1,1,1.6,2,2,2.0,2.0,2.0,2.0,1.6,2
1133,135019,1.5392441860465116,2,2,2,1,1.6,2,1,1,2,1,1.375,1.6,1
1042,135021,1.5392441860465116,2,2,2,2,1,1,2,2,2,1.6,1.6,1.6666666666666667,1
1100,135021,1.5392441860465116,1,2,2,2,1,2,2,2,2,2,2.0,1.6666666666666667,2
1110,135021,1.5392441860465116,2,2,2,2,1,2,2,2,1.75,1.75,1.75,1.6666666666666667,1
1118,135021,1.5392441860465116,2,2,2,1,1,2.0,2.0,2.0,2.0,2.0,2.0,1.6666666666666667,2
1127,135021,1.5392441860465116,2,2,1,2,1,2,2,2,2.0,2.0,2.0,1.6666666666666667,2
1133,135021,1.5392441860465116,2,1,2,2,1,1,1,2,1,2,1.375,1.6666666666666667,2
1001,135025,1.5392441860465116,2,2,2,2,2,2,1,1,1,1,1.25,1.75,2
1007,135025,1.5392441860465116,1,2,2,2,1,1,1,1,1,1,1.0,1.75,1
1018,135025,1.5392441860465116,1,2,2,2,2,1,1,2,1,1,1.1428571428571428,1.75,1
1036,135025,1.5392441860465116,2,2,2,1,2,2,2,2,2,2,1.9090909090909092,1.75,2
1053,135025,1.5392441860465116,2,2,2,2,1,2,1,2,2,1,1.7692307692307692,1.75,2
1054,135025,1.5392441860465116,2,1,2,2,2,2,1,2,2,2,1.9090909090909092,1.75,2
1055,135025,1.5392441860465116,2,2,2,1,2,2,2,2,2,2,1.9,1.75,2
1071,135025,1.5392441860465116,2,2,2,1,2,2,2,2,2,2,1.8461538461538463,1.75,2
1092,135025,1.5392441860465116,2,1,2,2,2,1,1,1,1.25,1.25,1.25,1.75,2
1104,135025,1.5392441860465116,2,1,2,1,2,1,1,1,1,2,1.3636363636363635,1.75,2
1116,135025,1.5392441860465116,2,1,2,2,2,2,2,2,2,1,1.875,1.75,2
1132,135025,1.5392441860465116,2,2,2,2,2,2,2,1,2,1,1.6,1.75,1
1046,135026,1.5392441860465116,2,2,1,1,1.4,1.0,1.0,1.0,1.0,1.0,1.0,1.4,1
1048,135026,1.5392441860465116,1,2,1,1,1.4,1,2,2,2,2,1.8333333333333333,1.4,2
1084,135026,1.5392441860465116,1,1,2,1,1.4,1,2,2,2,2,1.8,1.4,2
1089,135026,1.5392441860465116,2,1,2,1,1.4,1,1,1,1,1,1.0,1.4,1
1120,135026,1.5392441860465116,1,2,2,1,1.4,1,2,2,1,2,1.4285714285714286,1.4,1
1024,135027,1.5392441860465116,2,2,2,1.75,1.75,1,1,2,1,1,1.2,1.75,1
1056,135027,1.5392441860465116,2,2,1,1.75,1.75,2,2,2,2,2,2.0,1.75,2
1101,135027,1.5392441860465116,1,2,2,1.75,1.75,2,2,2,2,1,1.625,1.75,2
1132,135027,1.5392441860465116,2,2,1,1.75,1.75,1,2,2,2,1,1.6,1.75,2
1004,135028,1.5392441860465116,2,1,2,2,2,2,2,2,1,1.8,1.8,1.6363636363636365,2
1024,135028,1.5392441860465116,2,2,2,2,2,1,1,2,1,1,1.2,1.6363636363636365,1
1033,135028,1.5392441860465116,1,1,1,1,2,2,2,2,2,1,1.7272727272727273,1.6363636363636365,2
1055,135028,1.5392441860465116,2,2,2,1,2,2,2,2,2,2,1.9,1.6363636363636365,2
1071,135028,1.5392441860465116,2,1,2,2,1,2,2,2,2,2,1.8461538461538463,1.6363636363636365,2
1081,135028,1.5392441860465116,2,2,2,2,2,1,1,1,1,1,1.0,1.6363636363636365,1
1089,135028,1.5392441860465116,2,2,2,1,2,1,1,1,1,1,1.0,1.6363636363636365,1
1106,135028,1.5392441860465116,2,1,1,1,2,2,2,2,2,2,1.9230769230769231,1.6363636363636365,2
1108,135028,1.5392441860465116,2,2,2,2,2,2,1,2,1,1,1.4,1.6363636363636365,1
1109,135028,1.5392441860465116,2,2,1,1,1,2,2,2,2,2,1.8,1.6363636363636365,2
1132,135028,1.5392441860465116,2,1,2,2,1,2,1,2,2,1,1.6,1.6363636363636365,2
1024,135030,1.5392441860465116,2,2,2,2,1,1,1,2,2,1,1.2,1.6666666666666667,1
1033,135030,1.5392441860465116,1,2,1,2,2,2,2,2,1,2,1.7272727272727273,1.6666666666666667,2
1071,135030,1.5392441860465116,1,2,2,1,1,1,2,2,2,2,1.8461538461538463,1.6666666666666667,2
1081,135030,1.5392441860465116,2,2,1,2,2,1,1,1,1,1,1.0,1.6666666666666667,1
1084,135030,1.5392441860465116,2,2,2,1,2,2,2,2,1,2,1.8,1.6666666666666667,2
1104,135030,1.5392441860465116,1,2,1,2,1,2,1,2,1,2,1.3636363636363635,1.6666666666666667,2
1106,135030,1.5392441860465116,2,2,2,1,1,2,2,2,2,2,1.9230769230769231,1.6666666666666667,2
1116,135030,1.5392441860465116,2,2,2,1,1,2,2,2,2,2,1.875,1.6666666666666667,1
1122,135030,1.5392441860465116,2,1,2,2,2,2,2,2,2,1,1.9166666666666667,1.6666666666666667,2
1004,135032,1.5392441860465116,2,1,2,2,2,2,1,2,2,1.8,1.8,1.5714285714285714,2
1005,135032,1.5392441860465116,1,1,1,2,2,2,1,1,2,2,1.5,1.5714285714285714,2
1007,135032,1.5392441860465116,2,1,2,2,1,1,1,1,1,1,1.0,1.5714285714285714,1
1016,135032,1.5392441860465116,1,2,2,2,1,2,2,2,1,2,1.9230769230769231,1.5714285714285714,2
1018,135032,1.5392441860465116,2,1,1,1,2,1,1,1,1,2,1.1428571428571428,1.5714285714285714,1
1022,135032,1.5392441860465116,2,1,2,2,1,1,1,2,2,2,1.6363636363636365,1.5714285714285714,1
1024,135032,1.5392441860465116,1,2,2,2,1,1,1,1,1,1,1.2,1.5714285714285714,2
1053,135032,1.5392441860465116,1,2,2,1,2,2,2,2,2,2,1.7692307692307692,1.5714285714285714,2
1054,135032,1.5392441860465116,2,2,1,2,2,2,2,2,2,2,1.9090909090909092,1.5714285714285714,1
1071,135032,1.5392441860465116,2,2,2,2,1,2,1,2,2,2,1.8461538461538463,1.5714285714285714,2
1075,135032,1.5392441860465116,2,1,1,1,2,1,1,2,1,2,1.4166666666666667,1.5714285714285714,1
1088,135032,1.5392441860465116,1,1,1,1,2,2,2,1,1,2,1.7,1.5714285714285714,2
1098,135032,1.5392441860465116,2,2,2,2,2,1,2,1,1,1,1.3333333333333333,1.5714285714285714,2
1101,135032,1.5392441860465116,1,1,2,1,2,1,2,2,1,2,1.625,1.5714285714285714,2
1104,135032,1.5392441860465116,1,2,1,2,2,1,1,2,1,1,1.3636363636363635,1.5714285714285714,2
1108,135032,1.5392441860465116,1,2,2,2,2,1,1,1,2,1,1.4,1.5714285714285714,2
1109,135032,1.5392441860465116,2,1,1,2,1,1,2,2,2,2,1.8,1.5714285714285714,2
1120,135032,1.5392441860465116,1,1,1,1,1,1,2,2,2,1,1.4285714285714286,1.5714285714285714,1
1124,135032,1.5392441860465116,2,1,1,1,2,1,1,1,1,1,1.0,1.5714285714285714,1
1125,135032,1.5392441860465116,2,2,1,2,1,1,1,1,1,2,1.2,1.5714285714285714,1
1132,135032,1.5392441860465116,2,2,2,2,2,2,1,1,2,1,1.6,1.5714285714285714,1
1001,135033,1.5392441860465116,1,1,1.0,1.0,1.0,1,2,1,1,2,1.25,1.0,1
1022,135033,1.5392441860465116,1,1,1.0,1.0,1.0,2,2,2,2,2,1.6363636363636365,1.0,1
1104,135033,1.5392441860465116,1,1,1.0,1.0,1.0,2,1,1,2,2,1.3636363636363635,1.0,1
1048,135034,1.5392441860465116,2,2,2.0,2.0,2.0,2,2,1,2,2,1.8333333333333333,2.0,2
1083,135034,1.5392441860465116,2,2,2.0,2.0,2.0,2,1,1,1,2,1.625,2.0,2
1095,135034,1.5392441860465116,2,2,2.0,2.0,2.0,2,2,2,2,1,1.5,2.0,2
1034,135035,1.5392441860465116,2,2,1,1.5,1.5,1,1,1.0,1.0,1.0,1.0,1.5,1
1084,135035,1.5392441860465116,2,1,1,1.5,1.5,2,2,1,2,1,1.8,1.5,2
1091,135035,1.5392441860465116,1,2,2,1.5,1.5,1,1,2,2,2,1.4285714285714286,1.5,1
1095,135035,1.5392441860465116,1,2,1,1.5,1.5,2,1,1,2,2,1.5,1.5,2
1007,135038,1.5392441860465116,2,1,2,2,1,1,1,1,1,1,1.0,1.5263157894736843,1
1009,135038,1.5392441860465116,2,1,2,2,1,1,2,1,1,2,1.5,1.5263157894736843,2
1022,135038,1.5392441860465116,2,2,1,2,2,2,1,2,1,2,1.6363636363636365,1.5263157894736843,2
1024,135038,1.5392441860465116,2,2,1,2,2,1,2,1,1,1,1.2,1.5263157894736843,1
1032,135038,1.5392441860465116,2,1,2,2,1,1,2,1,1,1,1.25,1.5263157894736843,1
1033,135038,1.5392441860465116,1,1,2,2,1,2,2,2,2,1,1.7272727272727273,1.5263157894736843,1
1053,135038,1.5392441860465116,2,2,2,2,2,2,2,2,2,1,1.7692307692307692,1.5263157894736843,2
1054,135038,1.5392441860465116,2,2,1,1,2,2,2,1,2,2,1.9090909090909092,1.5263157894736843,2
1076,135038,1.5392441860465116,1,2,2,2,2,2,2,2,1.75,1.75,1.75,1.5263157894736843,1
1077,135038,1.5392441860465116,2,2,1,1,1,1,2,2,1.75,1.75,1.75,1.5263157894736843,2
1098,135038,1.5392441860465116,1,2,2,1,2,2,2,1,1,1,1.3333333333333333,1.5263157894736843,1
1101,135038,1.5392441860465116,2,2,1,1,1,2,2,1,2,1,1.625,1.5263157894736843,2
1109,135038,1.5392441860465116,2,1,1,2,1,2,2,2,2,2,1.8,1.5263157894736843,2
1113,135038,1.5392441860465116,1,1,1,2,1,1,1,2,2,1.4,1.4,1.5263157894736843,1
1116,135038,1.5392441860465116,2,1,2,2,1,2,2,2,2,2,1.875,1.5263157894736843,2
1122,135038,1.5392441860465116,1,2,2,2,2,2,2,2,2,2,1.9166666666666667,1.5263157894736843,2
1125,135038,1.5392441860465116,2,2,2,2,2,1,1,1,1,1,1.2,1.5263157894736843,2
1126,135038,1.5392441860465116,1,2,2,1,2,2,2,2,2,2,1.7142857142857142,1.5263157894736843,1
1132,135038,1.5392441860465116,2,2,2,2,2,2,1,2,2,2,1.6,1.5263157894736843,1
1001,135039,1.5392441860465116,2,2,2,2,1,1,1,2,2,1,1.25,1.6666666666666667,1
1024,135039,1.5392441860465116,2,1,2,2,1,1,1,1,2,1,1.2,1.6666666666666667,2
1054,135039,1.5392441860465116,1,2,2,1,2,2,2,1,2,2,1.9090909090909092,1.6666666666666667,2
1071,135039,1.5392441860465116,2,2,2,1,1,2,2,2,2,2,1.8461538461538463,1.6666666666666667,2
1075,135039,1.5392441860465116,1,2,2,2,1,1,1,1,1,1,1.4166666666666667,1.6666666666666667,2
1076,135039,1.5392441860465116,2,1,2,2,2,2,2,1,1.75,1.75,1.75,1.6666666666666667,2
1101,135039,1.5392441860465116,2,2,2,2,2,1,1,2,2,2,1.625,1.6666666666666667,1
1106,135039,1.5392441860465116,2,2,2,2,2,2,1,2,2,2,1.9230769230769231,1.6666666666666667,2
1124,135039,1.5392441860465116,2,2,1,2,2,1,1,1,1,1,1.0,1.6666666666666667,1
1001,135040,1.5392441860465116,1.0,1.0,1.0,1.0,1.0,1,2,2,1,1,1.25,1.0,1
1005,135041,1.5392441860465116,1,1,1,2,1,2,1,2,2,2,1.5,1.4,1
1024,135041,1.5392441860465116,2,1,1,1,1,1,1,2,1,2,1.2,1.4,1
1045,135041,1.5392441860465116,2,2,1,1,2,2,1,2,1,1,1.5,1.4,1
1054,135041,1.5392441860465116,1,1,2,1,2,2,2,2,2,1,1.9090909090909092,1.4,2
1075,135041,1.5392441860465116,1,1,1,2,2,1,2,1,2,1,1.4166666666666667,1.4,1
1078,135041,1.5392441860465116,2,2,1,1,2,2,2,2,1,1,1.6666666666666667,1.4,2
1088,135041,1.5392441860465116,2,1,1,1,2,2,2,2,2,1,1.7,1.4,2
1104,135041,1.5392441860465116,1,2,1,1,1,1,2,1,1,2,1.3636363636363635,1.4,1
1106,135041,1.5392441860465116,1,1,1,1,1,2,2,2,2,2,1.9230769230769231,1.4,1
1126,135041,1.5392441860465116,2,2,2,1,1,2,2,2,1,2,1.7142857142857142,1.4,2
1005,135042,1.5392441860465116,1,1,2,1,1,2,2,2,1,1,1.5,1.5,2
1014,135042,1.5392441860465116,2,1,1,2,2,2,1,2,2,1,1.5,1.5,1
1016,135042,1.5392441860465116,1,1,2,2,1,2,2,2,2,2,1.9230769230769231,1.5,1
1024,135042,1.5392441860465116,2,2,1,2,2,2,2,1,1,1,1.2,1.5,1
1027,135042,1.5392441860465116,1,1,2,2,2,1,1,1,1,1,1.0,1.5,1
1036,135042,1.5392441860465116,2,2,1,1,2,1,2,2,2,2,1.9090909090909092,1.5,2
1053,135042,1.5392441860465116,1,2,2,1,2,2,2,2,2,1,1.7692307692307692,1.5,2
1064,135042,1.5392441860465116,2,1,1,2,1,1,2,1,1.25,1.25,1.25,1.5,1
1071,135042,1.5392441860465116,2,1,1,2,2,2,2,2,1,2,1.8461538461538463,1.5,2
1076,135042,1.5392441860465116,1,2,2,2,1,2,1,2,1.75,1.75,1.75,1.5,2
1099,135042,1.5392441860465116,1,1,1,2,1,1,2,2,1,1,1.3333333333333333,1.5,1
1106,135042,1.5392441860465116,2,2,1,1,2,2,2,2,2,2,1.9230769230769231,1.5,2
1109,135042,1.5392441860465116,2,2,1,1,2,2,2,2,1,2,1.8,1.5,2
1125,135042,1.5392441860465116,2,2,1,2,1,1,1,1,1,1,1.2,1.5,1
1014,135043,1.5392441860465116,2,1,2,1.5,1.5,2,1,2,2,1,1.5,1.5,1
1085,135043,1.5392441860465116,1,1,2,1.5,1.5,2,2,2,2,2,2.0,1.5,2
1099,135043,1.5392441860465116,1,1,2,1.5,1.5,1,1,2,2,1,1.3333333333333333,1.5,2
1125,135043,1.5392441860465116,1,2,2,1.5,1.5,2,1,1,1,1,1.2,1.5,1
1083,135044,1.5392441860465116,1,1.0,1.0,1.0,1.0,2,2,2,2,2,1.625,1.0,1
1134,135044,1.5392441860465116,1,1.0,1.0,1.0,1.0,2,2,2,2,2,1.6428571428571428,1.0,1
1001,135045,1.5392441860465116,2,2,2,2,2,1,1,1,2,2,1.25,1.7,1
1016,135045,1.5392441860465116,2,1,2,2,2,2,2,2,2,2,1.9230769230769231,1.7,2
1022,135045,1.5392441860465116,2,2,2,1,1,2,1,2,2,1,1.6363636363636365,1.7,2
1024,135045,1.5392441860465116,2,2,2,1,1,1,1,1,1,1,1.2,1.7,2
1033,135045,1.5392441860465116,2,2,2,2,2,2,2,1,2,2,1.7272727272727273,1.7,2
1036,135045,1.5392441860465116,1,2,2,2,1,2,2,1,2,2,1.9090909090909092,1.7,2
1054,135045,1.5392441860465116,2,2,2,1,1,2,2,2,2,2,1.9090909090909092,1.7,2
1084,135045,1.5392441860465116,2,2,2,2,1,2,2,2,2,2,1.8,1.7,2
1099,135045,1.5392441860465116,2,2,2,2,2,2,1,2,1,1,1.3333333333333333,1.7,1
1120,135045,1.5392441860465116,2,2,2,2,2,1,1,2,2,2,1.4285714285714286,1.7,1
1033,135046,1.5392441860465116,1,2,2,1,2,2,1,1,2,2,1.7272727272727273,1.6666666666666667,2
1083,135046,1.5392441860465116,1,2,2,2,1,2,1,2,2,2,1.625,1.6666666666666667,2
1098,135046,1.5392441860465116,2,1,2,2,2,1,1,2,1,1,1.3333333333333333,1.6666666666666667,1
1108,135046,1.5392441860465116,2,2,2,1,2,2,2,1,1,2,1.4,1.6666666666666667,1
1113,135046,1.5392441860465116,1,2,2,2,1,1,1,2,1,1.4,1.4,1.6666666666666667,2
1134,135046,1.5392441860465116,1,2,2,2,1,2,1,2,2,2,1.6428571428571428,1.6666666666666667,2
1029,135047,1.5392441860465116,1,2,1,2,2,1,1,2,1,1,1.125,1.5,1
1053,135047,1.5392441860465116,1,2,2,1,1,2,1,1,2,2,1.7692307692307692,1.5,2
1055,135047,1.5392441860465116,2,1,2,1,1,2,2,2,2,2,1.9,1.5,2
1104,135047,1.5392441860465116,2,2,2,1,1,2,1,2,1,1,1.3636363636363635,1.5,1
1116,135047,1.5392441860465116,1,2,2,1,1,2,2,2,2,2,1.875,1.5,2
1134,135047,1.5392441860465116,1,2,2,1,2,1,2,2,2,2,1.6428571428571428,1.5,1
1055,135048,1.5392441860465116,2.0,2.0,2.0,2.0,2.0,2,2,2,2,2,1.9,2.0,2
1048,135049,1.5392441860465116,1.0,1.0,1.0,1.0,1.0,2,2,2,2,2,1.8333333333333333,1.0,1
1005,135050,1.5392441860465116,2,2,2,2,1.8,2,2,1,1,2,1.5,1.8,1
1014,135050,1.5392441860465116,2,1,2,2,1.8,1,1,2,2,2,1.5,1.8,2
1075,135050,1.5392441860465116,1,2,2,2,1.8,2,1,2,1,2,1.4166666666666667,1.8,2
1085,135050,1.5392441860465116,2,2,2,1,1.8,2,2,2,2,2,2.0,1.8,2
1125,135050,1.5392441860465116,1,2,2,2,1.8,1,1,1,1,1,1.2,1.8,2
1001,135051,1.5392441860465116,2,1,1,2,1,1,1,2,1,2,1.25,1.5833333333333333,1
1016,135051,1.5392441860465116,2,2,1,2,2,2,2,2,2,2,1.9230769230769231,1.5833333333333333,2
1022,135051,1.5392441860465116,2,2,1,2,1,2,1,2,1,1,1.6363636363636365,1.5833333333333333,2
1024,135051,1.5392441860465116,2,2,2,2,1,1,2,2,1,1,1.2,1.5833333333333333,1
1045,135051,1.5392441860465116,2,2,1,2,1,1,1,1,2,2,1.5,1.5833333333333333,2
1054,135051,1.5392441860465116,2,2,2,1,2,2,2,2,2,1,1.9090909090909092,1.5833333333333333,2
1055,135051,1.5392441860465116,1,1,1,2,2,2,2,2,2,2,1.9,1.5833333333333333,1
1056,135051,1.5392441860465116,1,2,2,1,2,2,2,2,2,2,2.0,1.5833333333333333,2
1075,135051,1.5392441860465116,2,1,2,2,2,1,1,1,2,2,1.4166666666666667,1.5833333333333333,1
1088,135051,1.5392441860465116,1,2,1,2,2,2,2,1,1,2,1.7,1.5833333333333333,2
1101,135051,1.5392441860465116,2,2,1,1,2,2,2,1,2,1,1.625,1.5833333333333333,2
1132,135051,1.5392441860465116,2,2,2,2,2,2,2,2,1,2,1.6,1.5833333333333333,1
1009,135052,1.5392441860465116,2,2,2,2,2,1,2,1,2,2,1.5,1.8125,2
1016,135052,1.5392441860465116,2,1,2,2,2,2,2,2,2,2,1.9230769230769231,1.8125,2
1022,135052,1.5392441860465116,2,2,2,2,2,2,1,1,2,2,1.6363636363636365,1.8125,2
1027,135052,1.5392441860465116,2,2,2,2,2,1,1,1,1,1,1.0,1.8125,1
1036,135052,1.5392441860465116,2,2,1,2,2,2,2,1,2,2,1.9090909090909092,1.8125,2
1045,135052,1.5392441860465116,2,2,2,2,2,2,2,1,2,1,1.5,1.8125,1
1054,135052,1.5392441860465116,2,2,2,1,2,2,2,2,2,2,1.9090909090909092,1.8125,2
1056,135052,1.5392441860465116,2,1,2,2,2,2,2,2,2,2,2.0,1.8125,2
1064,135052,1.5392441860465116,2,2,2,2,2,1,1,1,1.25,1.25,1.25,1.8125,2
1071,135052,1.5392441860465116,1,2,2,2,2,1,2,2,2,1,1.8461538461538463,1.8125,2
1078,135052,1.5392441860465116,2,2,2,1,2,2,2,2,1,1,1.6666666666666667,1.8125,2
1101,135052,1.5392441860465116,2,2,2,2,2,2,1,2,2,2,1.625,1.8125,2
1104,135052,1.5392441860465116,2,2,2,2,1,1,1,2,1,2,1.3636363636363635,1.8125,1
1116,135052,1.5392441860465116,1,2,2,2,1,2,2,2,2,2,1.875,1.8125,2
1126,135052,1.5392441860465116,2,2,2,2,2,1,2,2,2,2,1.7142857142857142,1.8125,2
1132,135052,1.5392441860465116,2,2,1,2,1,1,2,1,2,2,1.6,1.8125,2
1053,135053,1.5392441860465116,2,2.0,2.0,2.0,2.0,1,2,2,2,2,1.7692307692307692,2.0,2
1122,135053,1.5392441860465116,2,2.0,2.0,2.0,2.0,2,2,2,2,2,1.9166666666666667,2.0,2
1008,135054,1.5392441860465116,2,1,1,2,1,1,1,1,1,2,1.1111111111111112,1.3333333333333333,1
1015,135054,1.5392441860465116,2,1,2,1,1,1,2,1,1,1.2,1.2,1.3333333333333333,1
1037,135054,1.5392441860465116,1,1,1,2,1,2,2,1,1,2,1.5,1.3333333333333333,2
1088,135054,1.5392441860465116,1,1,2,1,1,2,1,2,2,2,1.7,1.3333333333333333,2
1124,135054,1.5392441860465116,2,2,1,1,1,1,1,1,1,1,1.0,1.3333333333333333,1
1126,135054,1.5392441860465116,2,1,2,1,1,2,2,2,2,2,1.7142857142857142,1.3333333333333333,1
1085,135055,1.5392441860465116,2,2,2.0,2.0,2.0,2,2,2,2,2,2.0,2.0,2
1095,135055,1.5392441860465116,2,2,2.0,2.0,2.0,1,2,2,2,1,1.5,2.0,2
1134,135055,1.5392441860465116,2,2,2.0,2.0,2.0,2,2,1,2,2,1.6428571428571428,2.0,2
1005,135057,1.5392441860465116,2,1,1,1,1,1,1,2,1,2,1.5,1.4615384615384615,1
1007,135057,1.5392441860465116,1,2,2,1,1,1,1,1,1,1,1.0,1.4615384615384615,1
1014,135057,1.5392441860465116,2,1,2,1,1,2,2,1,2,2,1.5,1.4615384615384615,1
1018,135057,1.5392441860465116,1,2,1,1,2,1,2,1,1,1,1.1428571428571428,1.4615384615384615,1
1022,135057,1.5392441860465116,1,2,2,1,2,1,2,2,2,2,1.6363636363636365,1.4615384615384615,2
1064,135057,1.5392441860465116,2,2,1,2,2,2,1,1,1.25,1.25,1.25,1.4615384615384615,1
1075,135057,1.5392441860465116,1,1,1,1,1,1,1,1,2,2,1.4166666666666667,1.4615384615384615,2
1088,135057,1.5392441860465116,1,1,2,2,1,2,2,2,1,2,1.7,1.4615384615384615,1
1113,135057,1.5392441860465116,1,2,2,2,2,1,2,1,1,1.4,1.4,1.4615384615384615,2
1115,135057,1.5392441860465116,1,1,1,1,2,1,2,2,1,1,1.5714285714285714,1.4615384615384615,2
1120,135057,1.5392441860465116,2,2,1,1,2,2,1,2,1,1,1.4285714285714286,1.4615384615384615,2
1124,135057,1.5392441860465116,1,2,1,1,2,1,1,1,1,1,1.0,1.4615384615384615,1
1126,135057,1.5392441860465116,1,1,1,2,1,2,2,1,2,1,1.7142857142857142,1.4615384615384615,2
1007,135058,1.5392441860465116,2,2,1,2,1,1,1,1,1,1,1.0,1.3333333333333333,1
1009,135058,1.5392441860465116,2,2,2,1,1,2,1,2,1,2,1.5,1.3333333333333333,1
1032,135058,1.5392441860465116,2,1,2,1,1,1,1,1,2,1,1.25,1.3333333333333333,2
1084,135058,1.5392441860465116,1,1,2,2,1,2,2,2,2,1,1.8,1.3333333333333333,1
1089,135058,1.5392441860465116,2,2,1,2,1,1,1,1,1,1,1.0,1.3333333333333333,1
1095,135058,1.5392441860465116,1,1,1,2,2,1,2,2,2,1,1.5,1.3333333333333333,1
1108,135058,1.5392441860465116,1,2,1,1,1,1,2,1,1,2,1.4,1.3333333333333333,1
1109,135058,1.5392441860465116,1,2,1,2,1,1,2,2,2,2,1.8,1.3333333333333333,2
1122,135058,1.5392441860465116,2,1,1,2,1,2,2,2,2,2,1.9166666666666667,1.3333333333333333,2
1009,135059,1.5392441860465116,2,2,2,2,2.0,1,1,1,2,2,1.5,2.0,2
1029,135059,1.5392441860465116,2,2,2,2,2.0,1,1,1,1,1,1.125,2.0,2
1036,135059,1.5392441860465116,2,2,2,2,2.0,2,2,2,2,2,1.9090909090909092,2.0,2
1085,135059,1.5392441860465116,2,2,2,2,2.0,2,2,2,2,2,2.0,2.0,2
1134,135059,1.5392441860465116,2,2,2,2,2.0,2,2,2,1,1,1.6428571428571428,2.0,2
1004,135060,1.5392441860465116,2,1,2,2,1,2,2,2,2,1.8,1.8,1.4375,1
1009,135060,1.5392441860465116,1,2,1,1,1,2,2,2,2,1,1.5,1.4375,1
1016,135060,1.5392441860465116,2,2,2,1,1,2,2,2,2,2,1.9230769230769231,1.4375,2
1022,135060,1.5392441860465116,2,1,1,2,1,2,1,2,1,2,1.6363636363636365,1.4375,1
1024,135060,1.5392441860465116,2,1,2,1,1,2,1,1,1,2,1.2,1.4375,1
1032,135060,1.5392441860465116,2,1,2,1,2,1,1,1,1,2,1.25,1.4375,1
1045,135060,1.5392441860465116,1,2,2,2,2,1,1,1,2,1,1.5,1.4375,2
1053,135060,1.5392441860465116,1,1,2,1,1,2,2,2,2,2,1.7692307692307692,1.4375,2
1054,135060,1.5392441860465116,2,1,1,2,1,2,2,1,2,2,1.9090909090909092,1.4375,2
1064,135060,1.5392441860465116,2,1,1,1,2,2,1,1,1.25,1.25,1.25,1.4375,1
1071,135060,1.5392441860465116,1,2,2,2,1,2,2,2,1,2,1.8461538461538463,1.4375,1
1077,135060,1.5392441860465116,2,2,1,1,1,2,2,2,1.75,1.75,1.75,1.4375,1
1078,135060,1.5392441860465116,1,2,2,2,1,2,1,2,2,1,1.6666666666666667,1.4375,2
1098,135060,1.5392441860465116,1,1,2,2,1,1,2,1,1,1,1.3333333333333333,1.4375,2
1099,135060,1.5392441860465116,2,1,1,2,1,1,2,1,1,2,1.3333333333333333,1.4375,2
1125,135060,1.5392441860465116,2,2,1,2,1,1,2,1,1,1,1.2,1.4375,1
1004,135062,1.5392441860465116,2,2,2,1,1,2,1,2,2,1.8,1.8,1.5833333333333333,2
1016,135062,1.5392441860465116,2,2,2,1,2,2,2,2,2,2,1.9230769230769231,1.5833333333333333,2
1022,135062,1.5392441860465116,2,2,1,2,2,2,1,2,1,2,1.6363636363636365,1.5833333333333333,1
1027,135062,1.5392441860465116,2,2,2,2,1,1,1,1,1,1,1.0,1.5833333333333333,1
1053,135062,1.5392441860465116,1,2,1,1,2,2,2,2,2,2,1.7692307692307692,1.5833333333333333,2
1054,135062,1.5392441860465116,2,1,2,2,1,2,1,2,2,2,1.9090909090909092,1.5833333333333333,2
1056,135062,1.5392441860465116,2,2,1,1,1,2,2,2,2,2,2.0,1.5833333333333333,2
1075,135062,1.5392441860465116,1,2,2,2,2,1,1,2,1,2,1.4166666666666667,1.5833333333333333,1
1104,135062,1.5392441860465116,2,2,2,2,2,2,1,2,2,1,1.3636363636363635,1.5833333333333333,1
1106,135062,1.5392441860465116,2,1,1,2,2,2,2,2,2,2,1.9230769230769231,1.5833333333333333,2
1125,135062,1.5392441860465116,2,1,1,2,2,1,1,1,1,2,1.2,1.5833333333333333,1
1132,135062,1.5392441860465116,2,1,2,2,2,1,1,2,2,2,1.6,1.5833333333333333,2
1022,135063,1.5392441860465116,1,2,2,2,1,2,1,1,2,1,1.6363636363636365,1.6666666666666667,2
1053,135063,1.5392441860465116,1,2,2,2,1,2,2,2,2,2,1.7692307692307692,1.6666666666666667,2
1071,135063,1.5392441860465116,2,2,2,1,1,2,2,1,2,2,1.8461538461538463,1.6666666666666667,2
1086,135063,1.5392441860465116,2,2,2,2,1,1,1.0,1.0,1.0,1.0,1.0,1.6666666666666667,1
1109,135063,1.5392441860465116,2,2,1,2,1,2,2,2,1,2,1.8,1.6666666666666667,2
1125,135063,1.5392441860465116,2,2,2,2,1,1,2,1,1,1,1.2,1.6666666666666667,1
1036,135064,1.5392441860465116,2,2,1,1,1,2,2,2,2,1,1.9090909090909092,1.5,2
1089,135064,1.5392441860465116,1,2,2,1,2,1,1,1,1,1,1.0,1.5,1
1095,135064,1.5392441860465116,1,2,1,2,2,2,1,1,2,2,1.5,1.5,1
1106,135064,1.5392441860465116,1,2,1,2,1,2,2,2,2,2,1.9230769230769231,1.5,2
1122,135064,1.5392441860465116,2,1,2,2,1,2,2,2,2,2,1.9166666666666667,1.5,1
1134,135064,1.5392441860465116,2,1,2,1,1,2,1,2,2,2,1.6428571428571428,1.5,2
1033,135065,1.5392441860465116,2,2,2,1.75,1.75,2,2,2,2,2,1.7272727272727273,1.75,1
1048,135065,1.5392441860465116,2,2,1,1.75,1.75,1,2,2,2,2,1.8333333333333333,1.75,2
1122,135065,1.5392441860465116,2,1,2,1.75,1.75,2,1,2,2,2,1.9166666666666667,1.75,2
1134,135065,1.5392441860465116,2,1,2,1.75,1.75,2,2,2,1,2,1.6428571428571428,1.75,2
1005,135066,1.5392441860465116,2,2,1,1,2,2,1,2,1,1,1.5,1.7,2
1014,135066,1.5392441860465116,2,2,1,2,1,1,2,2,1,2,1.5,1.7,2
1016,135066,1.5392441860465116,1,2,2,2,1,2,2,1,2,2,1.9230769230769231,1.7,2
1018,135066,1.5392441860465116,2,2,2,2,2,1,1,1,2,1,1.1428571428571428,1.7,1
1056,135066,1.5392441860465116,2,2,2,2,2,2,2,2,2,2,2.0,1.7,2
1075,135066,1.5392441860465116,2,2,1,2,1,2,2,1,1,1,1.4166666666666667,1.7,2
1099,135066,1.5392441860465116,2,1,2,2,2,1,2,1,1,2,1.3333333333333333,1.7,1
1106,135066,1.5392441860465116,2,2,2,2,2,2,2,2,2,2,1.9230769230769231,1.7,2
1122,135066,1.5392441860465116,2,1,2,1,2,2,2,2,2,1,1.9166666666666667,1.7,2
1125,135066,1.5392441860465116,2,2,2,1,2,1,2,1,1,1,1.2,1.7,1
1008,135069,1.5392441860465116,1,1,1,1,1,1,1,1,2,1,1.1111111111111112,1.0,1
1014,135069,1.5392441860465116,1,1,1,1,1,2,2,1,2,2,1.5,1.0,1
1081,135069,1.5392441860465116,1,1,1,1,1,1,1,1,1,1,1.0,1.0,1
1088,135069,1.5392441860465116,1,1,1,1,1,2,2,2,2,1,1.7,1.0,1
1115,135069,1.5392441860465116,1,1,1,1,1,1,2,1,2,2,1.5714285714285714,1.0,1
1124,135069,1.5392441860465116,1,1,1,1,1,1,1,1,1,1,1.0,1.0,1
1014,135070,1.5392441860465116,1,1,2,1.5,1.5,1,2,2,1,2,1.5,1.5,2
1088,135070,1.5392441860465116,1,1,2,1.5,1.5,1,2,1,2,2,1.7,1.5,2
1115,135070,1.5392441860465116,1,2,2,1.5,1.5,1,2,2,1,2,1.5714285714285714,1.5,1
1124,135070,1.5392441860465116,2,1,2,1.5,1.5,1,1,1,1,1,1.0,1.5,1
1037,135071,1.5392441860465116,2,2,1,1,1.4,2,2,1,2,2,1.5,1.4,1
1092,135071,1.5392441860465116,2,2,1,1,1.4,2,1,1,1.25,1.25,1.25,1.4,1
1111,135071,1.5392441860465116,1,2,1,1,1.4,2,2,1,2,2,1.625,1.4,2
1115,135071,1.5392441860465116,1,1,2,1,1.4,1,2,2,1,1,1.5714285714285714,1.4,2
1124,135071,1.5392441860465116,2,1,2,1,1.4,1,1,1,1,1,1.0,1.4,1
1013,135072,1.5392441860465116,1,2,2,1,1.6,2,2,1,1,1,1.5,1.6,2
1083,135072,1.5392441860465116,2,2,2,1,1.6,2,1,1,2,2,1.625,1.6,1
1084,135072,1.5392441860465116,2,1,2,1,1.6,2,2,1,2,1,1.8,1.6,2
1089,135072,1.5392441860465116,2,2,2,1,1.6,1,1,1,1,1,1.0,1.6,1
1095,135072,1.5392441860465116,2,1,1,2,1.6,2,1,2,2,1,1.5,1.6,2
1022,135073,1.5392441860465116,1,1,2,1.5,1.5,2,2,1,2,2,1.6363636363636365,1.5,2
1024,135073,1.5392441860465116,1,2,2,1.5,1.5,2,1,1,2,1,1.2,1.5,1
1076,135073,1.5392441860465116,1,1,2,1.5,1.5,2,1,2,1.75,1.75,1.75,1.5,2
1101,135073,1.5392441860465116,2,1,2,1.5,1.5,1,2,2,2,2,1.625,1.5,1
1083,135074,1.5392441860465116,2,2,2.0,2.0,2.0,1,2,2,1,2,1.625,2.0,2
1108,135074,1.5392441860465116,2,2,2.0,2.0,2.0,1,2,1,2,1,1.4,2.0,2
1134,135074,1.5392441860465116,2,2,2.0,2.0,2.0,1,2,2,2,2,1.6428571428571428,2.0,2
1003,135075,1.5392441860465116,2,2,2,2,2,2,2,2,2,2,1.8888888888888888,2.0,2
1033,135075,1.5392441860465116,2,2,2,2,2,1,2,2,1,2,1.7272727272727273,2.0,2
1055,135075,1.5392441860465116,2,2,2,2,2,2,2,2,2,2,1.9,2.0,2
1091,135075,1.5392441860465116,2,2,2,2,2,2,1,2,1,1,1.4285714285714286,2.0,2
1108,135075,1.5392441860465116,2,2,2,2,2,1,1,2,1,2,1.4,2.0,2
1134,135075,1.5392441860465116,2,2,2,2,2,1,2,2,2,2,1.6428571428571428,2.0,2
1005,135076,1.5392441860465116,2,1,1,1,1,1,2,1,2,1,1.5,1.4,2
1013,135076,1.5392441860465116,1,2,2,2,2,2,1,2,2,1,1.5,1.4,1
1014,135076,1.5392441860465116,2,2,2,1,2,2,2,2,1,2,1.5,1.4,1
1053,135076,1.5392441860465116,1,2,2,1,2,2,2,2,1,2,1.7692307692307692,1.4,1
1056,135076,1.5392441860465116,2,1,2,1,1,2,2,2,2,2,2.0,1.4,2
1075,135076,1.5392441860465116,2,1,1,2,2,2,1,2,1,1,1.4166666666666667,1.4,2
1081,135076,1.5392441860465116,2,2,1,2,1,1,1,1,1,1,1.0,1.4,1
1085,135076,1.5392441860465116,1,2,1,2,1,2,2,2,2,2,2.0,1.4,2
1099,135076,1.5392441860465116,1,2,1,2,2,1,2,1,2,2,1.3333333333333333,1.4,1
1125,135076,1.5392441860465116,1,2,2,1,1,2,1,1,1,1,1.2,1.4,1
1003,135079,1.5392441860465116,1,2,2,1,2,2,1,2,2,2,1.8888888888888888,1.6,2
1009,135079,1.5392441860465116,2,2,2,2,2,1,2,1,2,2,1.5,1.6,1
1013,135079,1.5392441860465116,2,2,2,1,2,1,2,2,2,1,1.5,1.6,1
1032,135079,1.5392441860465116,2,2,1,1,2,1,1,2,1,1,1.25,1.6,2
1036,135079,1.5392441860465116,1,2,1,2,2,2,2,1,2,2,1.9090909090909092,1.6,2
1098,135079,1.5392441860465116,2,1,1,1,2,1,1,1,1,1,1.3333333333333333,1.6,2
1106,135079,1.5392441860465116,2,2,1,1,2,2,2,2,2,2,1.9230769230769231,1.6,2
1113,135079,1.5392441860465116,2,1,2,2,2,1,1,2,2,1.4,1.4,1.6,1
1122,135079,1.5392441860465116,2,2,1,2,1,2,1,2,2,2,1.9166666666666667,1.6,2
1134,135079,1.5392441860465116,2,2,1,2,2,2,2,2,1,2,1.6428571428571428,1.6,1
1003,135080,1.5392441860465116,1,1.5,1.5,1.5,1.5,2,2,2,2,2,1.8888888888888888,1.5,2
1134,135080,1.5392441860465116,2,1.5,1.5,1.5,1.5,2,1,1,1,2,1.6428571428571428,1.5,1
1014,135081,1.5392441860465116,1,2,1,2,1,1,2,2,2,1,1.5,1.4444444444444444,2
1018,135081,1.5392441860465116,1,1,1,2,2,1,1,1,2,1,1.1428571428571428,1.4444444444444444,1
1053,135081,1.5392441860465116,2,1,1,2,1,1,2,2,1,2,1.7692307692307692,1.4444444444444444,2
1056,135081,1.5392441860465116,1,2,2,2,1,2,2,2,2,2,2.0,1.4444444444444444,2
1075,135081,1.5392441860465116,2,2,1,1,2,2,2,2,1,1,1.4166666666666667,1.4444444444444444,1
1078,135081,1.5392441860465116,2,2,1,1,2,2,2,2,1,2,1.6666666666666667,1.4444444444444444,1
1085,135081,1.5392441860465116,2,2,1,2,1,2,2,2,2,2,2.0,1.4444444444444444,2
1088,135081,1.5392441860465116,1,1,1,2,1,2,1,1,2,2,1.7,1.4444444444444444,1
1124,135081,1.5392441860465116,1,1,2,1,2,1,1,1,1,1,1.0,1.4444444444444444,1
1018,135082,1.5392441860465116,2,2,1,1.75,1.75,1,1,1,1,1,1.1428571428571428,1.75,2
1088,135082,1.5392441860465116,2,2,1,1.75,1.75,2,2,1,1,2,1.7,1.75,2
1111,135082,1.5392441860465116,2,2,2,1.75,1.75,2,2,2,1,1,1.625,1.75,1
1115,135082,1.5392441860465116,2,2,1,1.75,1.75,1,1,2,1,2,1.5714285714285714,1.75,2
1007,135085,1.5392441860465116,2,2,1,2,2,1,1,1,1,1,1.0,1.5833333333333333,1
1013,135085,1.5392441860465116,1,1,2,1,2,1,2,2,2,1,1.5,1.5833333333333333,1
1016,135085,1.5392441860465116,2,2,2,2,2,2,2,2,2,2,1.9230769230769231,1.5833333333333333,2
1027,135085,1.5392441860465116,1,1,2,2,2,1,1,1,1,1,1.0,1.5833333333333333,1
1029,135085,1.5392441860465116,2,2,2,2,1,1,1,1,1,2,1.125,1.5833333333333333,1
1032,135085,1.5392441860465116,2,1,2,1,1,1,2,2,1,1,1.25,1.5833333333333333,1
1033,135085,1.5392441860465116,1,1,1,2,1,2,1,2,2,2,1.7272727272727273,1.5833333333333333,2
1036,135085,1.5392441860465116,2,2,2,2,2,2,1,2,2,2,1.9090909090909092,1.5833333333333333,2
1045,135085,1.5392441860465116,2,2,2,2,2,2,1,1,2,1,1.5,1.5833333333333333,2
1056,135085,1.5392441860465116,2,2,2,1,2,2,2,2,2,2,2.0,1.5833333333333333,2
1077,135085,1.5392441860465116,2,2,2,2,1,2,2,1,1.75,1.75,1.75,1.5833333333333333,2
1081,135085,1.5392441860465116,2,2,2,2,2,1,1,1,1,1,1.0,1.5833333333333333,1
1084,135085,1.5392441860465116,2,1,2,2,2,2,1,2,2,2,1.8,1.5833333333333333,2
1089,135085,1.5392441860465116,1,2,1,2,2,1,1,1,1,1,1.0,1.5833333333333333,1
1098,135085,1.5392441860465116,1,2,2,2,2,1,2,1,1,1,1.3333333333333333,1.5833333333333333,1
1104,135085,1.5392441860465116,2,2,1,1,2,1,2,1,1,1,1.3636363636363635,1.5833333333333333,2
1106,135085,1.5392441860465116,2,2,2,1,2,2,2,2,2,2,1.9230769230769231,1.5833333333333333,2
1108,135085,1.5392441860465116,2,2,1,2,2,1,1,1,2,2,1.4,1.5833333333333333,1
1109,135085,1.5392441860465116,2,2,1,1,1,2,2,2,2,1,1.8,1.5833333333333333,2
1113,135085,1.5392441860465116,1,1,2,2,2,1,1,2,2,1.4,1.4,1.5833333333333333,1
1116,135085,1.5392441860465116,2,2,2,2,2,2,1,2,2,2,1.875,1.5833333333333333,2
1122,135085,1.5392441860465116,1,2,1,2,2,2,2,1,2,2,1.9166666666666667,1.5833333333333333,2
1132,135085,1.5392441860465116,2,2,2,2,2,2,1,2,2,2,1.6,1.5833333333333333,2
1134,135085,1.5392441860465116,2,1,1,2,2,1,2,1,2,2,1.6428571428571428,1.5833333333333333,2
1034,135086,1.5392441860465116,1,1,1,1.0,1.0,1,1,1.0,1.0,1.0,1.0,1.0,1
1091,135086,1.5392441860465116,1,1,1,1.0,1.0,1,2,2,2,1,1.4285714285714286,1.0,1
1095,135086,1.5392441860465116,1,1,1,1.0,1.0,2,2,1,2,2,1.5,1.0,1
1108,135086,1.5392441860465116,1,1,1,1.0,1.0,2,2,1,2,1,1.4,1.0,1
1020,135088,1.5392441860465116,1,2,1,1,1.2,2,2,1,1.5,1.5,1.5,1.2,1
1030,135088,1.5392441860465116,2,1,1,1,1.2,2,2,1.6666666666666667,1.6666666666666667,1.6666666666666667,1.6666666666666667,1.2,1
1044,135088,1.5392441860465116,1,1,1,1,1.2,2,2,1,1.75,1.75,1.75,1.2,2
1051,135088,1.5392441860465116,1,2,1,1,1.2,1,1,1,1.0,1.0,1.0,1.2,1
1117,135088,1.5392441860465116,1,2,1,1,1.2,1,2,1,1,1.2,1.2,1.2,1
1063,135104,1.5392441860465116,2,1,1,1.25,1.25,1,2,1,2,1.4,1.4,1.25,1
1068,135104,1.5392441860465116,1,2,1,1.25,1.25,1,1,1.0,1.0,1.0,1.0,1.25,1
1103,135104,1.5392441860465116,2,1,1,1.25,1.25,1,2,1,1,1,1.2857142857142858,1.25,1
1123,135104,1.5392441860465116,1,1,1,1.25,1.25,1,1,1,1,1,1.125,1.25,2
1004,135106,1.5392441860465116,2,1,2,2,2,1,2,2,2,1.8,1.8,1.8333333333333333,2
1016,135106,1.5392441860465116,1,2,2,2,2,2,2,2,2,2,1.9230769230769231,1.8333333333333333,2
1024,135106,1.5392441860465116,2,2,2,2,2,1,1,1,2,1,1.2,1.8333333333333333,1
1055,135106,1.5392441860465116,2,1,2,2,2,2,2,1,2,2,1.9,1.8333333333333333,2
1078,135106,1.5392441860465116,2,2,2,1,2,2,2,2,1,1,1.6666666666666667,1.8333333333333333,2
1126,135106,1.5392441860465116,2,2,1,2,2,2,2,2,2,1,1.7142857142857142,1.8333333333333333,2
1007,135108,1.5392441860465116,1,2,1,2,1,1,1,1,1,1,1.0,1.4444444444444444,1
1008,135108,1.5392441860465116,2,2,1,2,2,1,1,2,1,1,1.1111111111111112,1.4444444444444444,1
1018,135108,1.5392441860465116,2,1,1,1,2,2,1,1,1,1,1.1428571428571428,1.4444444444444444,1
1037,135108,1.5392441860465116,1,2,1,1,2,2,1,2,1,2,1.5,1.4444444444444444,2
1088,135108,1.5392441860465116,1,1,2,1,2,2,2,1,1,2,1.7,1.4444444444444444,2
1111,135108,1.5392441860465116,2,1,1,1,1,1,2,2,2,1,1.625,1.4444444444444444,2
1115,135108,1.5392441860465116,1,1,2,2,2,2,2,1,2,1,1.5714285714285714,1.4444444444444444,1
1124,135108,1.5392441860465116,2,1,1,2,2,1,1,1,1,1,1.0,1.4444444444444444,1
1126,135108,1.5392441860465116,2,1,1,1,2,1,2,2,2,2,1.7142857142857142,1.4444444444444444,2
1020,135109,1.5392441860465116,1,1.5,1.5,1.5,1.5,1,2,1,1.5,1.5,1.5,1.5,2
1051,135109,1.5392441860465116,2,1.5,1.5,1.5,1.5,1,1,1,1.0,1.0,1.0,1.5,1
